{"Resources/ti.main.js":1,"Resources/alloy/CFG.js":1,"Resources/app.js":1,"Resources/alloy/backbone.js":1,"Resources/alloy/constants.js":1,"Resources/alloy/controllers/BaseController.js":1,"Resources/alloy/controllers/about/index.js":1,"Resources/alloy/controllers/home/index.js":1,"Resources/alloy/controllers/home/search.js":1,"Resources/alloy/controllers/home/show.js":1,"Resources/alloy/controllers/index.js":1,"Resources/alloy/controllers/upload/config.js":1,"Resources/alloy/controllers/upload/index.js":1,"Resources/alloy/controllers/upload/title.js":1,"Resources/alloy/styles/about/index.js":1,"Resources/alloy/styles/home/index.js":1,"Resources/alloy/styles/home/search.js":1,"Resources/alloy/styles/home/show.js":1,"Resources/alloy/styles/index.js":1,"Resources/alloy/styles/upload/config.js":1,"Resources/alloy/styles/upload/index.js":1,"Resources/alloy/styles/upload/title.js":1,"Resources/alloy/sync/localStorage.js":1,"Resources/alloy/sync/properties.js":1,"Resources/alloy/sync/sql.js":1,"Resources/alloy/underscore.js":1,"Resources/alloy/widget.js":1,"Resources/alloy.bootstrap.js":1,"Resources/alloy.js":1,"Resources/utilsService.js":1,"Resources/ti.playservices/ti.playservices.bootstrap.js":1,"Resources/ti.internal/bootstrap.json":1}