{"proxies":{"ti.flurry.FlurryAndroidModule":{"superPackageName":"org.appcelerator.kroll","methods":{"logPageView":{"runOnUiThread":false,"hasInvocation":false,"args":[],"apiName":"logPageView","converter":"org.appcelerator.kroll.KrollConverter","defaultValueProvider":"org.appcelerator.kroll.KrollConverter","name":"__default_name__","returnType":"void"},"endTimedEvent":{"runOnUiThread":false,"hasInvocation":false,"args":[{"converter":"org.appcelerator.kroll.KrollConverter","defaultValueProvider":"org.appcelerator.kroll.KrollConverter","name":"args","sourceName":"args","type":"java.lang.Object[]"}],"apiName":"endTimedEvent","converter":"org.appcelerator.kroll.KrollConverter","defaultValueProvider":"org.appcelerator.kroll.KrollConverter","name":"__default_name__","returnType":"void"},"setLocationCriteria":{"runOnUiThread":false,"hasInvocation":false,"args":[{"converter":"org.appcelerator.kroll.KrollConverter","defaultValueProvider":"org.appcelerator.kroll.KrollConverter","name":"arg","sourceName":"arg","type":"java.lang.Object"}],"apiName":"setLocationCriteria","converter":"org.appcelerator.kroll.KrollConverter","defaultValueProvider":"org.appcelerator.kroll.KrollConverter","name":"__default_name__","returnType":"void"},"initialize":{"runOnUiThread":false,"hasInvocation":false,"args":[{"converter":"org.appcelerator.kroll.KrollConverter","defaultValueProvider":"org.appcelerator.kroll.KrollConverter","name":"key","sourceName":"key","type":"java.lang.String"}],"apiName":"initialize","converter":"org.appcelerator.kroll.KrollConverter","defaultValueProvider":"org.appcelerator.kroll.KrollConverter","name":"__default_name__","returnType":"void"},"logTimedEvent":{"runOnUiThread":false,"hasInvocation":false,"args":[{"converter":"org.appcelerator.kroll.KrollConverter","defaultValueProvider":"org.appcelerator.kroll.KrollConverter","name":"args","sourceName":"args","type":"java.lang.Object[]"}],"apiName":"logTimedEvent","converter":"org.appcelerator.kroll.KrollConverter","defaultValueProvider":"org.appcelerator.kroll.KrollConverter","name":"__default_name__","returnType":"void"},"logEvent":{"runOnUiThread":false,"hasInvocation":false,"args":[{"converter":"org.appcelerator.kroll.KrollConverter","defaultValueProvider":"org.appcelerator.kroll.KrollConverter","name":"args","sourceName":"args","type":"java.lang.Object[]"}],"apiName":"logEvent","converter":"org.appcelerator.kroll.KrollConverter","defaultValueProvider":"org.appcelerator.kroll.KrollConverter","name":"__default_name__","returnType":"void"}},"dynamicProperties":{"gender":{"set":true,"nativeConverter":"org.appcelerator.kroll.KrollConverter","setMethodName":"setGender","setMethodArgs":[{"converter":"org.appcelerator.kroll.KrollConverter","defaultValueProvider":"org.appcelerator.kroll.KrollConverter","name":"value","sourceName":"value","type":"java.lang.String"}],"setDefaultProviders":["org.appcelerator.kroll.KrollConverter"],"converter":"org.appcelerator.kroll.KrollConverter","defaultValueProvider":"org.appcelerator.kroll.KrollConverter","retain":true,"javascriptConverter":"org.appcelerator.kroll.KrollConverter","getHasInvocation":false,"runOnUiThread":false,"setReturnType":"void","get":false,"name":"gender","setHasInvocation":false},"ddebugLogEnabled":{"set":true,"nativeConverter":"org.appcelerator.kroll.KrollConverter","setMethodName":"setDdebugLogEnabled","setMethodArgs":[{"converter":"org.appcelerator.kroll.KrollConverter","defaultValueProvider":"org.appcelerator.kroll.KrollConverter","name":"value","sourceName":"value","type":"java.lang.Boolean"}],"setDefaultProviders":["org.appcelerator.kroll.KrollConverter"],"converter":"org.appcelerator.kroll.KrollConverter","defaultValueProvider":"org.appcelerator.kroll.KrollConverter","retain":true,"javascriptConverter":"org.appcelerator.kroll.KrollConverter","getHasInvocation":false,"runOnUiThread":false,"setReturnType":"void","get":false,"name":"ddebugLogEnabled","setHasInvocation":false},"userID":{"set":true,"nativeConverter":"org.appcelerator.kroll.KrollConverter","setMethodName":"setUserID","setMethodArgs":[{"converter":"org.appcelerator.kroll.KrollConverter","defaultValueProvider":"org.appcelerator.kroll.KrollConverter","name":"value","sourceName":"value","type":"java.lang.String"}],"setDefaultProviders":["org.appcelerator.kroll.KrollConverter"],"converter":"org.appcelerator.kroll.KrollConverter","defaultValueProvider":"org.appcelerator.kroll.KrollConverter","retain":true,"javascriptConverter":"org.appcelerator.kroll.KrollConverter","getHasInvocation":false,"runOnUiThread":false,"setReturnType":"void","get":false,"name":"userID","setHasInvocation":false},"age":{"set":true,"nativeConverter":"org.appcelerator.kroll.KrollConverter","setMethodName":"setAge","setMethodArgs":[{"converter":"org.appcelerator.kroll.KrollConverter","defaultValueProvider":"org.appcelerator.kroll.KrollConverter","name":"value","sourceName":"value","type":"int"}],"setDefaultProviders":["org.appcelerator.kroll.KrollConverter"],"converter":"org.appcelerator.kroll.KrollConverter","defaultValueProvider":"org.appcelerator.kroll.KrollConverter","retain":true,"javascriptConverter":"org.appcelerator.kroll.KrollConverter","getHasInvocation":false,"runOnUiThread":false,"setReturnType":"void","get":false,"name":"age","setHasInvocation":false},"eventLoggingEnabled":{"set":true,"nativeConverter":"org.appcelerator.kroll.KrollConverter","setMethodName":"setEventLoggingEnabled","setMethodArgs":[{"converter":"org.appcelerator.kroll.KrollConverter","defaultValueProvider":"org.appcelerator.kroll.KrollConverter","name":"value","sourceName":"value","type":"java.lang.Boolean"}],"setDefaultProviders":["org.appcelerator.kroll.KrollConverter"],"converter":"org.appcelerator.kroll.KrollConverter","defaultValueProvider":"org.appcelerator.kroll.KrollConverter","retain":true,"javascriptConverter":"org.appcelerator.kroll.KrollConverter","getHasInvocation":false,"runOnUiThread":false,"setReturnType":"void","get":false,"name":"eventLoggingEnabled","setHasInvocation":false},"reportLocation":{"set":true,"nativeConverter":"org.appcelerator.kroll.KrollConverter","setMethodName":"setReportLocation","setMethodArgs":[{"converter":"org.appcelerator.kroll.KrollConverter","defaultValueProvider":"org.appcelerator.kroll.KrollConverter","name":"value","sourceName":"value","type":"java.lang.Boolean"}],"setDefaultProviders":["org.appcelerator.kroll.KrollConverter"],"converter":"org.appcelerator.kroll.KrollConverter","defaultValueProvider":"org.appcelerator.kroll.KrollConverter","retain":true,"javascriptConverter":"org.appcelerator.kroll.KrollConverter","getHasInvocation":false,"runOnUiThread":false,"setReturnType":"void","get":false,"name":"reportLocation","setHasInvocation":false}},"superProxyClassName":"KrollModule","isModule":true,"genClassName":"FlurryAndroidModuleBindingGen","superProxyBindingClassName":"org.appcelerator.kroll.KrollModuleBindingGen","proxyClassName":"FlurryAndroidModule","proxyAttrs":{"propertyAccessors":[],"fullAPIName":"FlurryAndroid","name":"FlurryAndroid","proxyClassName":"ti.flurry.FlurryAndroidModule","isTopLevel":false,"id":"ti.flurry"},"packageName":"ti.flurry","sourceName":"ti.flurry.FlurryAndroidModuleBindingGen","constants":{"ACCURACY_FINE":{"proxyName":"ACCURACY_FINE","name":"ACCURACY_FINE","type":"int","value":1},"ACCURACY_COARSE":{"proxyName":"ACCURACY_COARSE","name":"ACCURACY_COARSE","type":"int","value":2},"ACCURACY_MEDIUM":{"proxyName":"ACCURACY_MEDIUM","name":"ACCURACY_MEDIUM","type":"int","value":2},"ACCURACY_HIGH":{"proxyName":"ACCURACY_HIGH","name":"ACCURACY_HIGH","type":"int","value":3},"ACCURACY_LOW":{"proxyName":"ACCURACY_LOW","name":"ACCURACY_LOW","type":"int","value":1},"MALE":{"proxyName":"MALE","name":"MALE","type":"byte","value":1},"FEMALE":{"proxyName":"FEMALE","name":"FEMALE","type":"byte","value":0}},"onAppCreate":"onAppCreate"}},"modules":{"ti.flurry.FlurryAndroidModule":{"apiName":"FlurryAndroid"}}}